citing_author,citing_papers,is_ganji_coauthor,cites_which_ganji_papers,own_institutions
Milind Tambe,10,no,NeurWIN (NeurIPS 2021),Google (United States); Harvard University
P. R. Kumar,8,yes,A directional medium access contro (COMSNETS 2018); BeamSurfer (IEEE TWC 2022); Beamsurfer (SIGCOMM'20 Posters); Iris (COMSNETS 2019); Terra (SIGCOMM'22 Posters); Unblock (COMSNETS 2021),Mitchell Institute; Texas A&M University
Santosh Ganji,8,yes,BeamSurfer (IEEE TWC 2022); Beamsurfer (SIGCOMM'20 Posters); Downlink control channel schedulin (IEEE PIMRC 2018); Novel rate matching scheme for dow (COMSNETS 2018); Seeing the Unseen (ACM S3 Workshop 2023); Terra (SIGCOMM'22 Posters); Unblock (COMSNETS 2021),Mitchell Institute; Texas A&M University
Jiaxing Li,7,no,NeurWIN (NeurIPS 2021); Seeing the Unseen (IEEE TWC 2024),Binghamton University; Stony Brook University
Konstantin Avrachenkov,7,no,NeurWIN (NeurIPS 2021),Institut national de recherche en sciences et technologies du numérique
Aparna Taneja,6,no,NeurWIN (NeurIPS 2021),
Guojun Xiong,6,no,NeurWIN (NeurIPS 2021),Binghamton University; Stony Brook University
Abhinav Kumar,5,yes,Downlink control channel schedulin (IEEE PIMRC 2018); Improved physical downlink control (COMSNETS 2018); Novel rate matching scheme for dow (COMSNETS 2018); Scheduling and Decoding of Downlin (IEEE Access 2020),Indian Institute of Technology; Indian Institute of Technology Hyderabad
Dinesh Bharadia,5,yes,NeurWIN (NeurIPS 2021); Realtime intelligent control for N (MobiSys 2022); Terra (SIGCOMM'22 Posters); Unblock (COMSNETS 2021),
Jaewon Kim,5,yes,BeamSurfer (IEEE TWC 2022); Beamsurfer (SIGCOMM'20 Posters); Realtime intelligent control for N (MobiSys 2022); Terra (SIGCOMM'22 Posters); Unblock (COMSNETS 2021),Texas A&M University
Kiran Kuchi,5,yes,Downlink control channel schedulin (IEEE PIMRC 2018); Improved physical downlink control (COMSNETS 2018); Novel rate matching scheme for dow (COMSNETS 2018); Scheduling and Decoding of Downlin (IEEE Access 2020),Indian Institute of Technology; Indian Institute of Technology Hyderabad
Lily Xu,5,no,NeurWIN (NeurIPS 2021),Harvard University
Dheeraj M. Nagaraj,4,no,NeurWIN (NeurIPS 2021),
M. Pavan Reddy,4,yes,Downlink control channel schedulin (IEEE PIMRC 2018); Novel rate matching scheme for dow (COMSNETS 2018),Indian Institute of Technology Hyderabad
Srinivas Shakkottai,4,yes,NeurWIN (NeurIPS 2021); Realtime intelligent control for N (MobiSys 2022),
Tzu-Hsiang Lin,4,yes,BeamSurfer (IEEE TWC 2022); Beamsurfer (SIGCOMM'20 Posters); Iris (COMSNETS 2019); Unblock (COMSNETS 2021),Mitchell Institute; Texas A&M University
Vivek S. Borkar,4,no,NeurWIN (NeurIPS 2021),Indian Institute of Technology Bombay
Ya-Ju Yu,4,no,Downlink control channel schedulin (IEEE PIMRC 2018); Scheduling and Decoding of Downlin (IEEE Access 2020),National University of Kaohsiung
Yunfan Zhao,4,no,NeurWIN (NeurIPS 2021),Harvard University
Arpita Biswas,3,no,NeurWIN (NeurIPS 2021),Harvard University
Edwin Zhang,3,no,NeurWIN (NeurIPS 2021),Harvard University
F. I. P. R. Kumar,3,yes,Beamsurfer (SIGCOMM'20 Posters); Seeing the Unseen (ACM S3 Workshop 2023); Unblock (COMSNETS 2021),
Jackson A. Killian,3,no,NeurWIN (NeurIPS 2021),Harvard University
Jing Fu,3,no,NeurWIN (NeurIPS 2021),RMIT University
Nikhil Behari,3,no,NeurWIN (NeurIPS 2021),Harvard University
Quan Pan,3,no,NeurWIN (NeurIPS 2021),Northwestern Polytechnical University
Shu-Fan Wang,3,no,NeurWIN (NeurIPS 2021),
U. Ayesta,3,no,NeurWIN (NeurIPS 2021),
Ujwal Dinesha,3,yes,NeurWIN (NeurIPS 2021); Realtime intelligent control for N (MobiSys 2022),
Ushasi Ghosh,3,no,NeurWIN (NeurIPS 2021); Realtime intelligent control for N (MobiSys 2022),
Venkata Siva Santosh Ganji,3,yes,A directional medium access contro (COMSNETS 2018); Beamsurfer (SIGCOMM'20 Posters); Iris (COMSNETS 2019),
Weina Wang,3,no,NeurWIN (NeurIPS 2021),Carnegie Mellon University
Yuhang Hao,3,no,NeurWIN (NeurIPS 2021),Northwestern Polytechnical University
Zengfu Wang,3,no,NeurWIN (NeurIPS 2021),Northwestern Polytechnical University
Bruno Gaujal,2,no,NeurWIN (NeurIPS 2021),
Cheng-Chang Chen,2,no,Improved physical downlink control (COMSNETS 2018); TERRA (IEEE TWC 2024),Bureau of Standards
Edward Hughes,2,no,NeurWIN (NeurIPS 2021),Google (United Kingdom)
Francisco A. Espinal,2,yes,BeamSurfer (IEEE TWC 2022); Beamsurfer (SIGCOMM'20 Posters); Iris (COMSNETS 2019); Unblock (COMSNETS 2021),Mitchell Institute; Texas A&M University
Francisco Robledo,2,no,NeurWIN (NeurIPS 2021),Laboratoire de Mathématiques et de leurs Applications; University of the Basque Country; Université de Pau et des Pays de l'Adour
I. Jain,2,no,Terra (SIGCOMM'22 Posters); Unblock (COMSNETS 2021),
I. Mimouni,2,no,NeurWIN (NeurIPS 2021),
Jie-gang Yang,2,no,TERRA (IEEE TWC 2024),
Jun Zhang,2,no,TERRA (IEEE TWC 2024),
K. B. Letaief,2,no,TERRA (IEEE TWC 2024),
Karl Tuyls,2,no,NeurWIN (NeurIPS 2021),Google (United Kingdom)
Li-Sheng Chen,2,no,Improved physical downlink control (COMSNETS 2018); Seeing the Unseen (IEEE TWC 2024),Feng Chia University
Meng Zhang,2,no,NeurWIN (NeurIPS 2021),Zhejiang University
Mengqiu Zhou,2,no,NeurWIN (NeurIPS 2021),Zhejiang University
Nicolas Gast,2,no,NeurWIN (NeurIPS 2021),Centre Inria de l'Université Grenoble Alpes; Centre National de la Recherche Scientifique; Institut polytechnique de Grenoble; Laboratoire d'Informatique de Grenoble; Université Grenoble Alpes
Pavan Reddy M.,2,no,Downlink control channel schedulin (IEEE PIMRC 2018); Improved physical downlink control (COMSNETS 2018); Novel rate matching scheme for dow (COMSNETS 2018); Scheduling and Decoding of Downlin (IEEE Access 2020),Indian Institute of Technology
Pavan Reddy Manne,2,yes,Improved physical downlink control (COMSNETS 2018); Novel rate matching scheme for dow (COMSNETS 2018),
Qing-Shan Jia,2,no,NeurWIN (NeurIPS 2021),
Rahul Meshram,2,no,NeurWIN (NeurIPS 2021),Indian Institute of Technology Madras
Raini Wu,2,yes,NeurWIN (NeurIPS 2021); Realtime intelligent control for N (MobiSys 2022),
Romil Sonigra,2,yes,BeamSurfer (IEEE TWC 2022); Beamsurfer (SIGCOMM'20 Posters); Terra (SIGCOMM'22 Posters); Unblock (COMSNETS 2021),Texas A&M University
Shenghui Song,2,no,TERRA (IEEE TWC 2024),
Shi Jin,2,no,TERRA (IEEE TWC 2024),
Vincent Y. F. Tan,2,no,NeurWIN (NeurIPS 2021),National University of Singapore
Wei Guo,2,no,TERRA (IEEE TWC 2024),
Wei-Chen Chen,2,no,BeamSurfer (IEEE TWC 2022); NeurWIN (NeurIPS 2021),The Ohio State University
Woo-Hyun Ko,2,yes,NeurWIN (NeurIPS 2021); Realtime intelligent control for N (MobiSys 2022),
Xiangcheng Zhang,2,no,NeurWIN (NeurIPS 2021),
Xiaoqiang Ren,2,no,NeurWIN (NeurIPS 2021); TERRA (IEEE TWC 2024),
Xin Liu,2,no,BeamSurfer (IEEE TWC 2022); TERRA (IEEE TWC 2024),Florida State University
Yijie Bian,2,no,TERRA (IEEE TWC 2024),
Yingjie Xue,2,no,Seeing the Unseen (IEEE TWC 2024); TERRA (IEEE TWC 2024),
Yunfan Li,2,no,TERRA (IEEE TWC 2024),
A. Hegde,1,no,NeurWIN (NeurIPS 2021),
Abbas Khalili,1,no,Overcoming pedestrian blockage in  (arXiv 2021),
Abdullah G. Alharbi,1,no,Scheduling and Decoding of Downlin (IEEE Access 2020),Jouf University
Abel Calvet,1,no,Unblock (COMSNETS 2021),
Adrian Baron-Hyppolite,1,no,BeamSurfer (IEEE TWC 2022),Virginia Tech
Afef Fekih,1,no,Scheduling and Decoding of Downlin (IEEE Access 2020),University of Louisiana at Lafayette
Alois Herzog,1,no,Scheduling and Decoding of Downlin (IEEE Access 2020),
Alvaro Valcarce Rial,1,no,Scheduling and Decoding of Downlin (IEEE Access 2020),
Andrew Perrault,1,no,NeurWIN (NeurIPS 2021),
Anwar Haque,1,no,Scheduling and Decoding of Downlin (IEEE Access 2020),
Archana Bura,1,no,NeurWIN (NeurIPS 2021),
Arjuman Ara Mimi,1,no,NeurWIN (NeurIPS 2021),Texas A&M University
Ashok Kumar Reddy Chavva,1,no,BeamSurfer (IEEE TWC 2022),Samsung (India)
B. S. Chowdhry,1,no,TERRA (IEEE TWC 2024); Terra (SIGCOMM'22 Posters),
Bharadwaj Satchidanandan,1,yes,A directional medium access contro (COMSNETS 2018),
Bitna Kim,1,no,Realtime intelligent control for N (MobiSys 2022),
Bo Ma,1,no,TERRA (IEEE TWC 2024),
Bryan Wilder,1,no,NeurWIN (NeurIPS 2021),
Changpeng Zhou,1,no,BeamSurfer (IEEE TWC 2022),Nanjing University of Posts and Telecommunications
Chen Yan,1,no,NeurWIN (NeurIPS 2021),University of Michigan
Chengwei Liu,1,no,NeurWIN (NeurIPS 2021),
Chia-Hsin Fan,1,no,Downlink control channel schedulin (IEEE PIMRC 2018); Scheduling and Decoding of Downlin (IEEE Access 2020),National Sun Yat-sen University
Chih-Hsiang Ho,1,no,Improved physical downlink control (COMSNETS 2018),Institute for Information Industry
Christopher G. Brinton,1,no,NeurWIN (NeurIPS 2021),
Chua-Ling Wu,1,no,Downlink control channel schedulin (IEEE PIMRC 2018); Scheduling and Decoding of Downlin (IEEE Access 2020),National University of Kaohsiung
Chuanhuang Li,1,no,TERRA (IEEE TWC 2024),
D. Kayande,1,no,NeurWIN (NeurIPS 2021),
Damiano Badini,1,no,BeamSurfer (IEEE TWC 2022),
Dan Mihai Dumitriu,1,no,Realtime intelligent control for N (MobiSys 2022),
Daniel R. Jiang,1,no,NeurWIN (NeurIPS 2021),
Dario Tagliaferri,1,no,BeamSurfer (IEEE TWC 2022),Politecnico di Milano
David S. L. Wei,1,no,Seeing the Unseen (IEEE TWC 2024),
Dawoon Lim,1,no,Realtime intelligent control for N (MobiSys 2022),
Debajoy Mukherjee,1,no,NeurWIN (NeurIPS 2021),
Deniz Gündüz,1,no,NeurWIN (NeurIPS 2021),Imperial College London
E. Erkip,1,no,Overcoming pedestrian blockage in  (arXiv 2021),
Elias B. Khalil,1,no,NeurWIN (NeurIPS 2021),
Faizan Qamar,1,no,TERRA (IEEE TWC 2024); Terra (SIGCOMM'22 Posters),
Francisco Robledo Relaño,1,no,NeurWIN (NeurIPS 2021),
G. Santosh,1,yes,Downlink control channel schedulin (IEEE PIMRC 2018); Novel rate matching scheme for dow (COMSNETS 2018),Indian Institute of Technology Hyderabad
Gang Yan,1,no,NeurWIN (NeurIPS 2021),Binghamton University
Georges Kaddoum,1,no,Scheduling and Decoding of Downlin (IEEE Access 2020),Université du Québec à Montréal; École de Technologie Supérieure
Gongpu Chen,1,no,NeurWIN (NeurIPS 2021),
Haichuan Wang,1,no,NeurWIN (NeurIPS 2021),
Haitham Hassanieh,1,no,Realtime intelligent control for N (MobiSys 2022),
Haoxin Sun,1,no,Realtime intelligent control for N (MobiSys 2022),
Huadong Dai,1,no,TERRA (IEEE TWC 2024),
Hung-Ta Chien,1,no,NeurWIN (NeurIPS 2021),Texas A&M University
Hyejin Shin,1,no,Realtime intelligent control for N (MobiSys 2022),
I.-Hong Hou,1,yes,NeurWIN (NeurIPS 2021),
Ibrahim El Shar,1,no,NeurWIN (NeurIPS 2021),
Irfan Ahmed,1,no,Scheduling and Decoding of Downlin (IEEE Access 2020),NED University of Engineering and Technology
J. Jun,1,no,TERRA (IEEE TWC 2024),
Jacek Kibiłda,1,no,BeamSurfer (IEEE TWC 2022),Virginia Tech
Jianbo Du,1,no,TERRA (IEEE TWC 2024),
Jie Tan,1,no,TERRA (IEEE TWC 2024),
Joao F. Santos,1,no,BeamSurfer (IEEE TWC 2022),Virginia Tech
Joel Charles-Rebuff'e,1,no,NeurWIN (NeurIPS 2021),
José Niño‐Mora,1,no,NeurWIN (NeurIPS 2021),Universidad Carlos III de Madrid
Jun Hu,1,no,Seeing the Unseen (IEEE TWC 2024),
K. Johansson,1,no,NeurWIN (NeurIPS 2021),
K. Khun,1,no,NeurWIN (NeurIPS 2021),
K. Kim,1,no,Overcoming pedestrian blockage in  (arXiv 2021),
Kai Wang,1,no,NeurWIN (NeurIPS 2021),Harvard University
Kaiping Xue,1,no,Seeing the Unseen (IEEE TWC 2024),
Kannan Srinivasan,1,no,BeamSurfer (IEEE TWC 2022),The Ohio State University
Kashif Nisar,1,no,TERRA (IEEE TWC 2024); Terra (SIGCOMM'22 Posters),
Khaled Nakhleh,1,yes,NeurWIN (NeurIPS 2021),
Khondoker Ziaul Islam,1,no,Scheduling and Decoding of Downlin (IEEE Access 2020),Murdoch University
Kyung Seok Woo,1,no,NeurWIN (NeurIPS 2021),Sandia National Laboratories California; Texas A&M University
Le Yang,1,no,NeurWIN (NeurIPS 2021),National University of Singapore
Lei Ding,1,no,Seeing the Unseen (IEEE TWC 2024),
Lei Ying,1,no,NeurWIN (NeurIPS 2021),University of Michigan
Liang-Xian Li,1,no,Scheduling and Decoding of Downlin (IEEE Access 2020),National University of Kaohsiung
Ling Shi,1,no,NeurWIN (NeurIPS 2021),
Lisa Hellerstein,1,no,NeurWIN (NeurIPS 2021),
Lorenzo Cazzella,1,no,BeamSurfer (IEEE TWC 2022),Politecnico di Milano
Lorenzo Maggi,1,no,Scheduling and Decoding of Downlin (IEEE Access 2020),
Luiz A. DaSilva,1,no,BeamSurfer (IEEE TWC 2022),Virginia Tech
Manyou Ma,1,no,NeurWIN (NeurIPS 2021),University of British Columbia
Marouan Mizmizi,1,no,BeamSurfer (IEEE TWC 2022),Politecnico di Milano
Matteo Matteucci,1,no,BeamSurfer (IEEE TWC 2022),Politecnico di Milano
Md Kamran Chowdhury Shisher,1,no,NeurWIN (NeurIPS 2021),
Md Shafiullah,1,no,Scheduling and Decoding of Downlin (IEEE Access 2020),King Fahd University of Petroleum & Minerals
Md. Rabiul Islam,1,no,Scheduling and Decoding of Downlin (IEEE Access 2020),University of Wollongong
Md. Sanwar Hossain,1,no,Scheduling and Decoding of Downlin (IEEE Access 2020),Bangladesh University of Business and Technology
Mingrui Ai,1,no,Seeing the Unseen (IEEE TWC 2024),
Minseong Park,1,no,NeurWIN (NeurIPS 2021),Sandia National Laboratories California; Stanford University; Texas A&M University
Mohsen Amiri,1,no,NeurWIN (NeurIPS 2021),
Muhammad Imran Aslam,1,no,Scheduling and Decoding of Downlin (IEEE Access 2020),NED University of Engineering and Technology
Mung Chiang,1,no,NeurWIN (NeurIPS 2021),
N. Boehmer,1,no,NeurWIN (NeurIPS 2021),
N. Madhiwalla,1,no,NeurWIN (NeurIPS 2021),
Neelesh B. Mehta,1,no,BeamSurfer (IEEE TWC 2022),Indian Institute of Science Bangalore
Ni Mu,1,no,NeurWIN (NeurIPS 2021),Shandong Institute of Automation
Ozlem Yildiz,1,no,Overcoming pedestrian blockage in  (arXiv 2021),
P. Frazier,1,no,NeurWIN (NeurIPS 2021),
Parvish Kakarapalli,1,no,NeurWIN (NeurIPS 2021),Indian Institute of Information Technology Allahabad
Paula Rodríguez Díaz,1,no,NeurWIN (NeurIPS 2021),Harvard University
Pratik Shah,1,no,NeurWIN (NeurIPS 2021),Indian Institute of Technology Bombay
R. Agrawal,1,no,Scheduling and Decoding of Downlin (IEEE Access 2020),
R. Hassan,1,no,TERRA (IEEE TWC 2024); Terra (SIGCOMM'22 Posters),
R. Witter,1,no,NeurWIN (NeurIPS 2021),
Rafid I. Abd,1,no,Overcoming pedestrian blockage in  (arXiv 2021),
Raghav Subbaraman,1,no,Unblock (COMSNETS 2021),
Raja Karmakar,1,no,Scheduling and Decoding of Downlin (IEEE Access 2020),Université du Québec à Montréal; École de Technologie Supérieure
Raphael Cannatà,1,no,Realtime intelligent control for N (MobiSys 2022),
Robert Schober,1,no,NeurWIN (NeurIPS 2021),Friedrich-Alexander-Universität Erlangen-Nürnberg
S. Kalyanasundaram,1,no,Scheduling and Decoding of Downlin (IEEE Access 2020),
S. Liew,1,no,NeurWIN (NeurIPS 2021),
S. Mukherjee,1,no,NeurWIN (NeurIPS 2021),
Samiran Chattopadhyay,1,no,Scheduling and Decoding of Downlin (IEEE Access 2020),Jadavpur University; TCG Crest
Sanket Shah,1,no,NeurWIN (NeurIPS 2021),
Saptarshi Mandal,1,no,NeurWIN (NeurIPS 2021),
Seung Jun Baek,1,no,TERRA (IEEE TWC 2024),
Shahida Jabeen,1,no,Scheduling and Decoding of Downlin (IEEE Access 2020),
Shengli Liu,1,no,TERRA (IEEE TWC 2024),
Shresth Verma,1,no,NeurWIN (NeurIPS 2021),Google (United States)
Shuai Nie,1,no,Unblock (COMSNETS 2021),
Shuang Wu,1,no,NeurWIN (NeurIPS 2021),
Shugong Xu,1,no,TERRA (IEEE TWC 2024),
Shuo Yang,1,no,Seeing the Unseen (IEEE TWC 2024),
Shuze Chen,1,no,NeurWIN (NeurIPS 2021),Columbia University
Sindri Magn'usson,1,no,NeurWIN (NeurIPS 2021),
Sonja Johnson-Yu,1,no,NeurWIN (NeurIPS 2021),Harvard University
Su-in Yi,1,no,NeurWIN (NeurIPS 2021),
Subin Jeong,1,no,Realtime intelligent control for N (MobiSys 2022),
Suhas Kumar,1,no,NeurWIN (NeurIPS 2021),
Sundus Ali,1,no,Scheduling and Decoding of Downlin (IEEE Access 2020),NED University of Engineering and Technology
Suriyaa Mm,1,no,Terra (SIGCOMM'22 Posters),
Surya Prakash,1,no,NeurWIN (NeurIPS 2021),Indian Institute of Information Technology Allahabad
Sy-Yen Kuo,1,no,Improved physical downlink control (COMSNETS 2018),National Taiwan University
Syed Hussain Ali Kazmi,1,no,TERRA (IEEE TWC 2024); Terra (SIGCOMM'22 Posters),
Syed Talib Abbas Jafri,1,no,Scheduling and Decoding of Downlin (IEEE Access 2020),NED University of Engineering and Technology
Systems Design,1,no,NeurWIN (NeurIPS 2021); Realtime intelligent control for N (MobiSys 2022),
Tahniyat Aslam,1,no,Scheduling and Decoding of Downlin (IEEE Access 2020),NED University of Engineering and Technology
Tao Yun,1,no,NeurWIN (NeurIPS 2021),Northwestern Polytechnical University
Tejas Pagare,1,no,NeurWIN (NeurIPS 2021),
Thomas Sandholm,1,no,NeurWIN (NeurIPS 2021),
Tianyi Peng,1,no,NeurWIN (NeurIPS 2021),Columbia University
Tonghan Wang,1,no,NeurWIN (NeurIPS 2021),
Umberto Spagnolini,1,no,BeamSurfer (IEEE TWC 2022),Politecnico di Milano
V. Nair,1,no,NeurWIN (NeurIPS 2021),
V. Siva,1,no,Beamsurfer (SIGCOMM'20 Posters); Unblock (COMSNETS 2021),
Vincent W. S. Wong,1,no,NeurWIN (NeurIPS 2021),University of British Columbia
Vishesh Mittal,1,no,NeurWIN (NeurIPS 2021),Indian Institute of Information Technology Allahabad
Vishrant Tripathi,1,no,NeurWIN (NeurIPS 2021),
W. Wan,1,no,NeurWIN (NeurIPS 2021),
Xiaohan Yu,1,no,TERRA (IEEE TWC 2024),
Xiaojian Yi,1,no,Seeing the Unseen (IEEE TWC 2024),
Xueqiao Peng,1,no,NeurWIN (NeurIPS 2021),
Yanliang Jin,1,no,TERRA (IEEE TWC 2024),
Yao Luan,1,no,NeurWIN (NeurIPS 2021),Shandong Institute of Automation
Yelan Lee,1,no,Realtime intelligent control for N (MobiSys 2022),
Yige Hong,1,no,NeurWIN (NeurIPS 2021),Carnegie Mellon University
Youyun Xu,1,no,BeamSurfer (IEEE TWC 2022),Nanjing University of Posts and Telecommunications
You‐Chiun Wang,1,no,Downlink control channel schedulin (IEEE PIMRC 2018); Scheduling and Decoding of Downlin (IEEE Access 2020),National Sun Yat-sen University
Yu-Shan Liang,1,no,Improved physical downlink control (COMSNETS 2018),National Kaohsiung University of Science and Technology
Yuan Gao,1,no,TERRA (IEEE TWC 2024),
Yuqi Pan,1,no,NeurWIN (NeurIPS 2021),
Zhanqiu Guo,1,no,NeurWIN (NeurIPS 2021),
Zhaohui Yang,1,no,TERRA (IEEE TWC 2024),
